CD1C,CD141,CD1C-CD141-
1.94150529,96.43641445,1.622080256
5.438282648,93.14490161,1.416815742
3.470507545,95.92592593,0.603566529
16.54929577,62.9527163,20.49798793
1.269790881,54.72005079,44.01015833
4.23042836,91.39734121,4.372230428
