CD8,CD4,CD4+CD8+,CD4-CD8-,NK,NKT,B,Des,PB,EPI,MES,DC,MO+MF,Neutrophils ,Eosinophils
44.79931032,32.81607121,0.408997955,1.581859738,0.471149605,0.210513653,3.153695016,0.110269056,13.0277878,0.208508761,0.208508761,0.557359958,1.838485906,0.086210353,0.521271903
12.0765301,35.00350596,0.32855855,2.862866874,1.642792748,0.687168186,20.46479014,0.560953621,2.027446659,8.698787939,6.909746569,5.313032155,2.241811079,0.202343985,0.979665431
4.808865596,4.532815907,0.022003961,1.178212078,0.578104059,0.170030606,0.084015123,0.00400072,1.120201636,76.73581245,0.674121342,8.879598328,1.036186514,0.028005041,0.148026645
6.220720992,13.88503529,0.076401874,0.579045781,1.256609767,0.468464121,1.228461709,0.020105756,5.068661158,41.66917989,12.36504011,3.128455677,13.30196835,0.036190361,0.695659167
14.13502532,15.76029303,0.31224355,0.95274314,5.944636817,0.14811553,2.850223174,0.05003903,6.827325314,17.2174296,6.224855387,1.797401974,17.05930626,1.941514381,8.778847501
10.64990275,8.805069282,1.068800257,0.753975416,0.346908901,0.126330987,1.098879063,0.078204897,10.32705689,3.589404239,40.16322766,17.35547133,3.575367463,0.252661974,1.808738896
