CD1C,CD141,CD1C-CD141-
56.83453237,41.00719424,2.158273381
29.98868352,67.93662769,2.074688797
12.75061951,86.46091462,0.788465871
38.43187661,41.32390746,20.24421594
33.70786517,50.6741573,15.61797753
4.064381658,91.16489115,4.770727189
