DP,SP,DN
93.08863,5.792301,1.119069
37.77999,54.5711,7.648913
71.42263,23.62729,4.950083
65.00647,28.20181,6.791721
52.60549,41.80119,5.593316
48.49341,43.52166,7.984934
