DP,SP,DN
19.9623,19.75283,60.28488
23.31341,43.83718,32.84942
15.26766,51.94805,32.78429
50.49466,21.72593,27.77941
15.0095,55.09816,29.89234
36.41395,30.0867,33.49935
